# ************************************************************
# Sequel Pro SQL dump
# Version 4096
#
# http://www.sequelpro.com/
# http://code.google.com/p/sequel-pro/
#
# Host: 120.26.72.17 (MySQL 5.5.44-0ubuntu0.14.04.1)
# Database: autolab
# Generation Time: 2015-11-30 08:04:26 +0000
# ************************************************************


/*!40101 SET @OLD_CHARACTER_SET_CLIENT=@@CHARACTER_SET_CLIENT */;
/*!40101 SET @OLD_CHARACTER_SET_RESULTS=@@CHARACTER_SET_RESULTS */;
/*!40101 SET @OLD_COLLATION_CONNECTION=@@COLLATION_CONNECTION */;
/*!40101 SET NAMES utf8 */;
/*!40014 SET @OLD_FOREIGN_KEY_CHECKS=@@FOREIGN_KEY_CHECKS, FOREIGN_KEY_CHECKS=0 */;
/*!40101 SET @OLD_SQL_MODE=@@SQL_MODE, SQL_MODE='NO_AUTO_VALUE_ON_ZERO' */;
/*!40111 SET @OLD_SQL_NOTES=@@SQL_NOTES, SQL_NOTES=0 */;


# Dump of table autolab_batch
# ------------------------------------------------------------

DROP TABLE IF EXISTS `autolab_batch`;

CREATE TABLE `autolab_batch` (
  `id` bigint(20) NOT NULL AUTO_INCREMENT,
  `create_time` datetime DEFAULT NULL,
  `status` varchar(255) DEFAULT NULL,
  `allow_number` int(11) DEFAULT NULL,
  `end_time` datetime DEFAULT NULL,
  `publish` varchar(255) DEFAULT NULL,
  `start_time` datetime DEFAULT NULL,
  `week` int(11) DEFAULT NULL,
  `item_id` bigint(20) DEFAULT NULL,
  PRIMARY KEY (`id`),
  KEY `FK_kbmktnfuoeov3lp4558dof33h` (`item_id`),
  CONSTRAINT `FK_kbmktnfuoeov3lp4558dof33h` FOREIGN KEY (`item_id`) REFERENCES `autolab_item` (`id`)
) ENGINE=InnoDB DEFAULT CHARSET=utf8;

LOCK TABLES `autolab_batch` WRITE;
/*!40000 ALTER TABLE `autolab_batch` DISABLE KEYS */;

INSERT INTO `autolab_batch` (`id`, `create_time`, `status`, `allow_number`, `end_time`, `publish`, `start_time`, `week`, `item_id`)
VALUES
	(1,'2015-11-16 23:37:52','OK',30,'2015-11-12 12:13:12','NO','2015-11-12 12:11:12',0,1),
	(2,'2015-11-16 23:37:52','OK',20,'2015-11-12 12:12:12','NO','2015-11-12 12:12:12',0,1),
	(3,'2015-11-16 23:54:26','OK',10,'2010-10-10 18:00:00','NO','2010-10-10 18:00:00',0,2),
	(4,'2015-11-16 23:54:27','OK',1,'2010-10-10 18:00:00','NO','2010-10-10 18:00:00',0,3),
	(5,'2015-11-16 23:56:10','OK',1,'2010-01-01 18:00:00','NO','2010-01-01 18:00:00',0,4),
	(6,NULL,NULL,NULL,NULL,NULL,NULL,NULL,5),
	(7,'2015-11-27 11:20:57','OK',10,'2011-12-12 18:00:00','NO','2011-12-12 18:00:00',0,6),
	(8,'2015-11-27 11:21:22','OK',10,'2010-12-12 18:00:00','NO','2010-12-12 18:00:00',0,7);

/*!40000 ALTER TABLE `autolab_batch` ENABLE KEYS */;
UNLOCK TABLES;


# Dump of table autolab_book
# ------------------------------------------------------------

DROP TABLE IF EXISTS `autolab_book`;

CREATE TABLE `autolab_book` (
  `id` bigint(20) NOT NULL AUTO_INCREMENT,
  `create_time` datetime DEFAULT NULL,
  `status` varchar(255) DEFAULT NULL,
  `attend_time` datetime DEFAULT NULL,
  `attendance` varchar(255) DEFAULT NULL,
  `grade` varchar(255) DEFAULT NULL,
  `batch_id` bigint(20) NOT NULL,
  `student_id` bigint(20) NOT NULL,
  PRIMARY KEY (`id`),
  KEY `FK_rvvbnu24hkje6j8e40wgwlfc2` (`batch_id`),
  KEY `FK_7g1p1b00qrf1yih19papscvo2` (`student_id`),
  CONSTRAINT `FK_7g1p1b00qrf1yih19papscvo2` FOREIGN KEY (`student_id`) REFERENCES `autolab_user` (`id`),
  CONSTRAINT `FK_rvvbnu24hkje6j8e40wgwlfc2` FOREIGN KEY (`batch_id`) REFERENCES `autolab_batch` (`id`)
) ENGINE=InnoDB DEFAULT CHARSET=utf8;

LOCK TABLES `autolab_book` WRITE;
/*!40000 ALTER TABLE `autolab_book` DISABLE KEYS */;

INSERT INTO `autolab_book` (`id`, `create_time`, `status`, `attend_time`, `attendance`, `grade`, `batch_id`, `student_id`)
VALUES
	(4,'2015-11-17 10:41:43','OK',NULL,'NO','4',3,2),
	(5,'2015-11-17 10:41:43','OK','2015-11-12 12:12:12','YES','4',1,1),
	(6,NULL,'OK',NULL,'NO','1',3,1),
	(7,NULL,'OK',NULL,'NO',NULL,6,1),
	(8,'2015-11-27 14:59:34','OK',NULL,'NO',NULL,1,2);

/*!40000 ALTER TABLE `autolab_book` ENABLE KEYS */;
UNLOCK TABLES;


# Dump of table autolab_class
# ------------------------------------------------------------

DROP TABLE IF EXISTS `autolab_class`;

CREATE TABLE `autolab_class` (
  `id` bigint(20) NOT NULL AUTO_INCREMENT,
  `create_time` datetime DEFAULT NULL,
  `status` varchar(255) DEFAULT NULL,
  `name` varchar(255) DEFAULT NULL,
  PRIMARY KEY (`id`)
) ENGINE=InnoDB DEFAULT CHARSET=utf8;



# Dump of table autolab_course
# ------------------------------------------------------------

DROP TABLE IF EXISTS `autolab_course`;

CREATE TABLE `autolab_course` (
  `id` bigint(20) NOT NULL AUTO_INCREMENT,
  `create_time` datetime DEFAULT NULL,
  `status` varchar(255) DEFAULT NULL,
  `name` varchar(255) DEFAULT NULL,
  `term` varchar(255) DEFAULT NULL,
  PRIMARY KEY (`id`)
) ENGINE=InnoDB DEFAULT CHARSET=utf8;

LOCK TABLES `autolab_course` WRITE;
/*!40000 ALTER TABLE `autolab_course` DISABLE KEYS */;

INSERT INTO `autolab_course` (`id`, `create_time`, `status`, `name`, `term`)
VALUES
	(1,'2015-11-09 14:44:33','OK','自动控制原理','第二学期'),
	(2,'2015-11-09 14:44:33','OK','algorithm','第二学期');

/*!40000 ALTER TABLE `autolab_course` ENABLE KEYS */;
UNLOCK TABLES;


# Dump of table autolab_course_teacher
# ------------------------------------------------------------

DROP TABLE IF EXISTS `autolab_course_teacher`;

CREATE TABLE `autolab_course_teacher` (
  `id` bigint(20) NOT NULL,
  `course_id` bigint(20) NOT NULL,
  `teacher_id` bigint(20) NOT NULL,
  `create_time` datetime DEFAULT NULL,
  `status` varchar(255) DEFAULT NULL,
  PRIMARY KEY (`id`)
) ENGINE=InnoDB DEFAULT CHARSET=utf8;

LOCK TABLES `autolab_course_teacher` WRITE;
/*!40000 ALTER TABLE `autolab_course_teacher` DISABLE KEYS */;

INSERT INTO `autolab_course_teacher` (`id`, `course_id`, `teacher_id`, `create_time`, `status`)
VALUES
	(1,1,4,'2015-11-09 14:44:33','OK'),
	(2,1,5,'2015-11-09 14:44:33','OK');

/*!40000 ALTER TABLE `autolab_course_teacher` ENABLE KEYS */;
UNLOCK TABLES;


# Dump of table autolab_course_teacher_student
# ------------------------------------------------------------

DROP TABLE IF EXISTS `autolab_course_teacher_student`;

CREATE TABLE `autolab_course_teacher_student` (
  `id` bigint(20) NOT NULL,
  `course_teacher_id` bigint(20) DEFAULT NULL,
  `student_id` bigint(20) DEFAULT NULL,
  `grade` varchar(45) DEFAULT NULL,
  `create_time` datetime DEFAULT NULL,
  `status` varchar(255) DEFAULT NULL,
  PRIMARY KEY (`id`)
) ENGINE=InnoDB DEFAULT CHARSET=utf8;

LOCK TABLES `autolab_course_teacher_student` WRITE;
/*!40000 ALTER TABLE `autolab_course_teacher_student` DISABLE KEYS */;

INSERT INTO `autolab_course_teacher_student` (`id`, `course_teacher_id`, `student_id`, `grade`, `create_time`, `status`)
VALUES
	(1,1,1,'2',NULL,'OK'),
	(2,1,2,'1',NULL,'OK'),
	(3,2,6,'A',NULL,'OK'),
	(4,1,6,'1',NULL,'OK');

/*!40000 ALTER TABLE `autolab_course_teacher_student` ENABLE KEYS */;
UNLOCK TABLES;


# Dump of table autolab_item
# ------------------------------------------------------------

DROP TABLE IF EXISTS `autolab_item`;

CREATE TABLE `autolab_item` (
  `id` bigint(20) NOT NULL AUTO_INCREMENT,
  `name` varchar(255) DEFAULT NULL,
  `course_id` bigint(20) DEFAULT NULL,
  `open_time` varchar(255) DEFAULT NULL,
  `place` varchar(255) DEFAULT NULL,
  `create_time` datetime DEFAULT NULL,
  `status` varchar(255) DEFAULT NULL,
  PRIMARY KEY (`id`),
  KEY `FK_ra5csphpcjrjwmyp5gd9hcbvm` (`course_id`),
  CONSTRAINT `FK_ra5csphpcjrjwmyp5gd9hcbvm` FOREIGN KEY (`course_id`) REFERENCES `autolab_course` (`id`)
) ENGINE=InnoDB DEFAULT CHARSET=utf8;

LOCK TABLES `autolab_item` WRITE;
/*!40000 ALTER TABLE `autolab_item` DISABLE KEYS */;

INSERT INTO `autolab_item` (`id`, `name`, `course_id`, `open_time`, `place`, `create_time`, `status`)
VALUES
	(1,'algorithm1',1,'5','X47','2015-11-16 23:37:52','OK'),
	(2,'1',1,'5','1','2015-11-16 23:53:39','DELETED'),
	(3,'1',1,'5','1','2015-11-16 23:54:24','DELETED'),
	(4,'1',1,'5','1','2015-11-16 23:56:10','DELETED'),
	(5,'1',2,NULL,NULL,NULL,NULL),
	(6,'asdf',1,'5','asdf','2015-11-27 11:20:57','DELETED'),
	(7,'asdf',1,'1','asdf','2015-11-27 11:21:22','OK');

/*!40000 ALTER TABLE `autolab_item` ENABLE KEYS */;
UNLOCK TABLES;


# Dump of table autolab_related_class
# ------------------------------------------------------------

DROP TABLE IF EXISTS `autolab_related_class`;

CREATE TABLE `autolab_related_class` (
  `id` bigint(20) NOT NULL AUTO_INCREMENT,
  `create_time` datetime DEFAULT NULL,
  `status` varchar(255) DEFAULT NULL,
  `class_id` bigint(20) NOT NULL,
  `student_id` bigint(20) NOT NULL,
  `teacher_id` bigint(20) NOT NULL,
  PRIMARY KEY (`id`),
  KEY `FK_36y40cq6rkkycuxeq8y3rca6y` (`class_id`),
  KEY `FK_9657srpdq18mfrf09wsvfov1a` (`student_id`),
  KEY `FK_tea0phf7ubr7hf0tcyjqu63xl` (`teacher_id`),
  CONSTRAINT `FK_36y40cq6rkkycuxeq8y3rca6y` FOREIGN KEY (`class_id`) REFERENCES `autolab_class` (`id`),
  CONSTRAINT `FK_9657srpdq18mfrf09wsvfov1a` FOREIGN KEY (`student_id`) REFERENCES `autolab_user` (`id`),
  CONSTRAINT `FK_tea0phf7ubr7hf0tcyjqu63xl` FOREIGN KEY (`teacher_id`) REFERENCES `autolab_user` (`id`)
) ENGINE=InnoDB DEFAULT CHARSET=utf8;



# Dump of table autolab_user
# ------------------------------------------------------------

DROP TABLE IF EXISTS `autolab_user`;

CREATE TABLE `autolab_user` (
  `id` bigint(20) NOT NULL AUTO_INCREMENT,
  `create_time` datetime DEFAULT NULL,
  `status` varchar(255) DEFAULT NULL,
  `jaccount_chinesename` varchar(255) DEFAULT NULL,
  `jaccount_dept` varchar(255) DEFAULT NULL,
  `jaccount_id` varchar(255) DEFAULT NULL,
  `jaccount_student` varchar(255) DEFAULT NULL,
  `jaccount_uid` varchar(255) DEFAULT NULL,
  `password` varchar(255) DEFAULT NULL,
  `role` varchar(255) DEFAULT NULL,
  `username` varchar(255) DEFAULT NULL,
  PRIMARY KEY (`id`)
) ENGINE=InnoDB DEFAULT CHARSET=utf8;

LOCK TABLES `autolab_user` WRITE;
/*!40000 ALTER TABLE `autolab_user` DISABLE KEYS */;

INSERT INTO `autolab_user` (`id`, `create_time`, `status`, `jaccount_chinesename`, `jaccount_dept`, `jaccount_id`, `jaccount_student`, `jaccount_uid`, `password`, `role`, `username`)
VALUES
	(1,'2015-11-09 14:44:33','OK','覃兆坤','计算机科学与工程系','1140339087','yes','qinzhaokun','$2a$10$/lfqoONiO1q3TMKKpDpnT.qDZf2mMWNre/Ly36bnfXDnCh1hz5X3a','ROLE_USER','1140339087'),
	(2,'2015-11-10 10:41:38','OK','赵国旗','自动化系','1140329122','yes','zhaoguoqi','$2a$10$hOeEMcKf77K5wDAkhJRqdeWtMv8a0Vo/aVjY3KyMEfgOJzQHzpvFK','ROLE_USER','1140329122'),
	(3,'2015-11-16 19:09:19','OK','zhao','自动化系','4','no','zhao','$2a$10$Xg3Y.jvTg4XfXDfZzk5ZFuuuhl53c14JxtTBX/AYj7576ODz5VDiq','ROLE_ADMIN','4'),
	(4,'2015-11-09 14:44:33','OK','1','1','1','no','1','$2a$10$Xg3Y.jvTg4XfXDfZzk5ZFuuuhl53c14JxtTBX/AYj7576ODz5VDiq','ROLE_TEACHER','1'),
	(5,'2015-11-09 14:44:33','OK','2','2','2','no','2','$2a$10$Xg3Y.jvTg4XfXDfZzk5ZFuuuhl53c14JxtTBX/AYj7576ODz5VDiq','ROLE_TEACHER','2'),
	(6,'2015-11-09 14:44:33','OK','3','3','3','3','3','$2a$10$Xg3Y.jvTg4XfXDfZzk5ZFuuuhl53c14JxtTBX/AYj7576ODz5VDiq','ROLE_USER','3');

/*!40000 ALTER TABLE `autolab_user` ENABLE KEYS */;
UNLOCK TABLES;


# Dump of table ClientDetails
# ------------------------------------------------------------

DROP TABLE IF EXISTS `ClientDetails`;

CREATE TABLE `ClientDetails` (
  `appId` varchar(255) NOT NULL,
  `resourceIds` varchar(255) DEFAULT NULL,
  `appSecret` varchar(255) DEFAULT NULL,
  `scope` varchar(255) DEFAULT NULL,
  `grantTypes` varchar(255) DEFAULT NULL,
  `redirectUrl` varchar(255) DEFAULT NULL,
  `authorities` varchar(255) DEFAULT NULL,
  `access_token_validity` int(11) DEFAULT NULL,
  `refresh_token_validity` int(11) DEFAULT NULL,
  `additionalInformation` varchar(4096) DEFAULT NULL,
  PRIMARY KEY (`appId`)
) ENGINE=InnoDB DEFAULT CHARSET=utf8;



# Dump of table oauth_access_token
# ------------------------------------------------------------

DROP TABLE IF EXISTS `oauth_access_token`;

CREATE TABLE `oauth_access_token` (
  `token_id` varchar(255) DEFAULT NULL,
  `token` blob,
  `authentication_id` varchar(255) DEFAULT NULL,
  `user_name` varchar(255) DEFAULT NULL,
  `client_id` varchar(255) DEFAULT NULL,
  `authentication` blob,
  `refresh_token` varchar(255) DEFAULT NULL
) ENGINE=InnoDB DEFAULT CHARSET=utf8;

LOCK TABLES `oauth_access_token` WRITE;
/*!40000 ALTER TABLE `oauth_access_token` DISABLE KEYS */;

INSERT INTO `oauth_access_token` (`token_id`, `token`, `authentication_id`, `user_name`, `client_id`, `authentication`, `refresh_token`)
VALUES
	('6540354d8c550051dd693018ba6ec067',X'ACED0005737200436F72672E737072696E676672616D65776F726B2E73656375726974792E6F61757468322E636F6D6D6F6E2E44656661756C744F4175746832416363657373546F6B656E0CB29E361B24FACE0200064C00156164646974696F6E616C496E666F726D6174696F6E74000F4C6A6176612F7574696C2F4D61703B4C000A65787069726174696F6E7400104C6A6176612F7574696C2F446174653B4C000C72656672657368546F6B656E74003F4C6F72672F737072696E676672616D65776F726B2F73656375726974792F6F61757468322F636F6D6D6F6E2F4F417574683252656672657368546F6B656E3B4C000573636F706574000F4C6A6176612F7574696C2F5365743B4C0009746F6B656E547970657400124C6A6176612F6C616E672F537472696E673B4C000576616C756571007E000578707372001E6A6176612E7574696C2E436F6C6C656374696F6E7324456D7074794D6170593614855ADCE7D002000078707372000E6A6176612E7574696C2E44617465686A81014B597419030000787077080000015337A95E3F787372004C6F72672E737072696E676672616D65776F726B2E73656375726974792E6F61757468322E636F6D6D6F6E2E44656661756C744578706972696E674F417574683252656672657368546F6B656E2FDF47639DD0C9B70200014C000A65787069726174696F6E71007E0002787200446F72672E737072696E676672616D65776F726B2E73656375726974792E6F61757468322E636F6D6D6F6E2E44656661756C744F417574683252656672657368546F6B656E73E10E0A6354D45E0200014C000576616C756571007E0005787074002435643533393835322D613139302D346566332D626238362D3833643936386538653062637371007E0009770800000151852E329578737200256A6176612E7574696C2E436F6C6C656374696F6E7324556E6D6F6469666961626C65536574801D92D18F9B80550200007872002C6A6176612E7574696C2E436F6C6C656374696F6E7324556E6D6F6469666961626C65436F6C6C656374696F6E19420080CB5EF71E0200014C0001637400164C6A6176612F7574696C2F436F6C6C656374696F6E3B7870737200176A6176612E7574696C2E4C696E6B656448617368536574D86CD75A95DD2A1E020000787200116A6176612E7574696C2E48617368536574BA44859596B8B7340300007870770C000000103F400000000000027400047265616474000577726974657874000662656172657274002434313562613638312D326439372D343239642D393264332D393437306138356137373565','579cc3a26b20923c1806800b0b6688e1','1140339087','clientapp',X'ACED0005737200416F72672E737072696E676672616D65776F726B2E73656375726974792E6F61757468322E70726F76696465722E4F417574683241757468656E7469636174696F6EBD400B02166252130200024C000D73746F7265645265717565737474003C4C6F72672F737072696E676672616D65776F726B2F73656375726974792F6F61757468322F70726F76696465722F4F4175746832526571756573743B4C00127573657241757468656E7469636174696F6E7400324C6F72672F737072696E676672616D65776F726B2F73656375726974792F636F72652F41757468656E7469636174696F6E3B787200476F72672E737072696E676672616D65776F726B2E73656375726974792E61757468656E7469636174696F6E2E416273747261637441757468656E7469636174696F6E546F6B656ED3AA287E6E47640E0200035A000D61757468656E746963617465644C000B617574686F7269746965737400164C6A6176612F7574696C2F436F6C6C656374696F6E3B4C000764657461696C737400124C6A6176612F6C616E672F4F626A6563743B787000737200266A6176612E7574696C2E436F6C6C656374696F6E7324556E6D6F6469666961626C654C697374FC0F2531B5EC8E100200014C00046C6973747400104C6A6176612F7574696C2F4C6973743B7872002C6A6176612E7574696C2E436F6C6C656374696F6E7324556E6D6F6469666961626C65436F6C6C656374696F6E19420080CB5EF71E0200014C00016371007E00047870737200136A6176612E7574696C2E41727261794C6973747881D21D99C7619D03000149000473697A65787000000001770400000001737200426F72672E737072696E676672616D65776F726B2E73656375726974792E636F72652E617574686F726974792E53696D706C654772616E746564417574686F7269747900000000000001900200014C0004726F6C657400124C6A6176612F6C616E672F537472696E673B7870740009524F4C455F555345527871007E000C707372003A6F72672E737072696E676672616D65776F726B2E73656375726974792E6F61757468322E70726F76696465722E4F41757468325265717565737400000000000000010200065A0008617070726F7665644C000B617574686F72697469657371007E00044C000A657874656E73696F6E7374000F4C6A6176612F7574696C2F4D61703B4C000B726564697265637455726971007E000E4C000B7265736F7572636549647374000F4C6A6176612F7574696C2F5365743B4C000D726573706F6E7365547970657371007E0013787200386F72672E737072696E676672616D65776F726B2E73656375726974792E6F61757468322E70726F76696465722E426173655265717565737436287A3EA37169BD0200034C0008636C69656E74496471007E000E4C001172657175657374506172616D657465727371007E00124C000573636F706571007E00137870740009636C69656E74617070737200256A6176612E7574696C2E436F6C6C656374696F6E7324556E6D6F6469666961626C654D6170F1A5A8FE74F507420200014C00016D71007E00127870737200116A6176612E7574696C2E486173684D61700507DAC1C31660D103000246000A6C6F6164466163746F724900097468726573686F6C6478703F4000000000000C7708000000100000000874000C6A6163636F756E745F75696474000A71696E7A68616F6B756E74000A6772616E745F747970657400086A6163636F756E7474000D6A6163636F756E745F6465707474001BE8AEA1E7AE97E69CBAE7A791E5ADA6E4B88EE5B7A5E7A88BE7B3BB7400146A6163636F756E745F6368696E6573656E616D65740009E8A683E58586E59DA474000B6A6163636F756E745F696474000A3131343033333930383774000573636F706574000A726561642077726974657400106A6163636F756E745F73747564656E74740003796573740009636C69656E745F6964740009636C69656E7461707078737200256A6176612E7574696C2E436F6C6C656374696F6E7324556E6D6F6469666961626C65536574801D92D18F9B80550200007871007E0009737200176A6176612E7574696C2E4C696E6B656448617368536574D86CD75A95DD2A1E020000787200116A6176612E7574696C2E48617368536574BA44859596B8B7340300007870770C000000103F4000000000000274000472656164740005777269746578017371007E002E770C000000103F400000000000017371007E000D74000455534552787371007E00193F400000000000007708000000100000000078707371007E002D770C000000103F4000000000000174000B7265737473657276696365787371007E002E770C000000103F40000000000000787372004F6F72672E737072696E676672616D65776F726B2E73656375726974792E61757468656E7469636174696F6E2E557365726E616D6550617373776F726441757468656E7469636174696F6E546F6B656E00000000000001900200024C000B63726564656E7469616C7371007E00054C00097072696E636970616C71007E00057871007E0003017371007E00077371007E000B0000000177040000000171007E000F7871007E003C70707372001A636F6D2E6175746F6C61622E6170692E6D6F64656C2E55736572000000000000006402000B4C0005626F6F6B7371007E00084C0015636F757273655465616368657253747564656E747371007E00084C000E636F75727365546561636865727371007E00084C00136A6163636F756E744368696E6573656E616D6571007E000E4C000C6A6163636F756E744465707471007E000E4C000A6A6163636F756E74496471007E000E4C000F6A6163636F756E7453747564656E7471007E000E4C000B6A6163636F756E7455696471007E000E4C000870617373776F726471007E000E4C0004726F6C657400214C636F6D2F6175746F6C61622F6170692F6D6F64656C2F5573657224526F6C653B4C0008757365726E616D6571007E000E78720020636F6D2E6175746F6C61622E6170692E6D6F64656C2E42617365456E74697479280AADE7CB3BC7DE0200044C000A63726561746554696D657400104C6A6176612F7574696C2F446174653B4C000269647400104C6A6176612F6C616E672F4C6F6E673B4C00036D617071007E00124C000673746174757374001E4C636F6D2F6175746F6C61622F6170692F6D6F64656C2F5374617475733B7870737200126A6176612E73716C2E54696D657374616D702618D5C80153BF650200014900056E616E6F737872000E6A6176612E7574696C2E44617465686A81014B5974190300007870770800000150EAFD306878000000007372000E6A6176612E6C616E672E4C6F6E673B8BE490CC8F23DF0200014A000576616C7565787200106A6176612E6C616E672E4E756D62657286AC951D0B94E08B02000078700000000000000001707E72001C636F6D2E6175746F6C61622E6170692E6D6F64656C2E53746174757300000000000000001200007872000E6A6176612E6C616E672E456E756D000000000000000012000078707400024F4B7372002F6F72672E68696265726E6174652E636F6C6C656374696F6E2E696E7465726E616C2E50657273697374656E74426167464A645C192E1EC40200014C000362616771007E00087872003E6F72672E68696265726E6174652E636F6C6C656374696F6E2E696E7465726E616C2E416273747261637450657273697374656E74436F6C6C656374696F6E844A7E7706AE8D0B0200095A001B616C6C6F774C6F61644F7574736964655472616E73616374696F6E49000A63616368656453697A655A000564697274795A000B696E697469616C697A65644C00036B65797400164C6A6176612F696F2F53657269616C697A61626C653B4C00056F776E657271007E00054C0004726F6C6571007E000E4C001273657373696F6E466163746F72795575696471007E000E4C000E73746F726564536E617073686F7471007E0050787000FFFFFFFF000071007E004971007E0043740020636F6D2E6175746F6C61622E6170692E6D6F64656C2E557365722E626F6F6B737070707371007E004E00FFFFFFFF000071007E004971007E0043740030636F6D2E6175746F6C61622E6170692E6D6F64656C2E557365722E636F757273655465616368657253747564656E74737070707371007E004E00FFFFFFFF000071007E004971007E0043740029636F6D2E6175746F6C61622E6170692E6D6F64656C2E557365722E636F757273655465616368657273707070740009E8A683E58586E59DA474001BE8AEA1E7AE97E69CBAE7A791E5ADA6E4B88EE5B7A5E7A88BE7B3BB74000A3131343033333930383774000379657374000A71696E7A68616F6B756E74003C243261243130242F6C66716F4F4E694F317133544D4B4B7044706E542E71445A66326D4D574E72652F4C793336626E6658446E436831687A355833617E72001F636F6D2E6175746F6C61622E6170692E6D6F64656C2E5573657224526F6C6500000000000000001200007871007E004B740009524F4C455F5553455274000A31313430333339303837','2c75be64115bd1e469c475d85a91b0f1'),
	('40f97a261b4ead2ea89420dadf1d38d6',X'ACED0005737200436F72672E737072696E676672616D65776F726B2E73656375726974792E6F61757468322E636F6D6D6F6E2E44656661756C744F4175746832416363657373546F6B656E0CB29E361B24FACE0200064C00156164646974696F6E616C496E666F726D6174696F6E74000F4C6A6176612F7574696C2F4D61703B4C000A65787069726174696F6E7400104C6A6176612F7574696C2F446174653B4C000C72656672657368546F6B656E74003F4C6F72672F737072696E676672616D65776F726B2F73656375726974792F6F61757468322F636F6D6D6F6E2F4F417574683252656672657368546F6B656E3B4C000573636F706574000F4C6A6176612F7574696C2F5365743B4C0009746F6B656E547970657400124C6A6176612F6C616E672F537472696E673B4C000576616C756571007E000578707372001E6A6176612E7574696C2E436F6C6C656374696F6E7324456D7074794D6170593614855ADCE7D002000078707372000E6A6176612E7574696C2E44617465686A81014B59741903000078707708000001531D28147E787372004C6F72672E737072696E676672616D65776F726B2E73656375726974792E6F61757468322E636F6D6D6F6E2E44656661756C744578706972696E674F417574683252656672657368546F6B656E2FDF47639DD0C9B70200014C000A65787069726174696F6E71007E0002787200446F72672E737072696E676672616D65776F726B2E73656375726974792E6F61757468322E636F6D6D6F6E2E44656661756C744F417574683252656672657368546F6B656E73E10E0A6354D45E0200014C000576616C756571007E0005787074002432366330613963622D636464662D343633612D616638652D3834393032656438656365647371007E000977080000015184D799A278737200256A6176612E7574696C2E436F6C6C656374696F6E7324556E6D6F6469666961626C65536574801D92D18F9B80550200007872002C6A6176612E7574696C2E436F6C6C656374696F6E7324556E6D6F6469666961626C65436F6C6C656374696F6E19420080CB5EF71E0200014C0001637400164C6A6176612F7574696C2F436F6C6C656374696F6E3B7870737200176A6176612E7574696C2E4C696E6B656448617368536574D86CD75A95DD2A1E020000787200116A6176612E7574696C2E48617368536574BA44859596B8B7340300007870770C000000043F400000000000027400047265616474000577726974657874000662656172657274002438623230623466312D316331612D343362612D623765612D623435333736393861326332','a9ed68cd2ae28e9c595798158c2cefeb','01938','clientapp',X'ACED0005737200416F72672E737072696E676672616D65776F726B2E73656375726974792E6F61757468322E70726F76696465722E4F417574683241757468656E7469636174696F6EBD400B02166252130200024C000D73746F7265645265717565737474003C4C6F72672F737072696E676672616D65776F726B2F73656375726974792F6F61757468322F70726F76696465722F4F4175746832526571756573743B4C00127573657241757468656E7469636174696F6E7400324C6F72672F737072696E676672616D65776F726B2F73656375726974792F636F72652F41757468656E7469636174696F6E3B787200476F72672E737072696E676672616D65776F726B2E73656375726974792E61757468656E7469636174696F6E2E416273747261637441757468656E7469636174696F6E546F6B656ED3AA287E6E47640E0200035A000D61757468656E746963617465644C000B617574686F7269746965737400164C6A6176612F7574696C2F436F6C6C656374696F6E3B4C000764657461696C737400124C6A6176612F6C616E672F4F626A6563743B787000737200266A6176612E7574696C2E436F6C6C656374696F6E7324556E6D6F6469666961626C654C697374FC0F2531B5EC8E100200014C00046C6973747400104C6A6176612F7574696C2F4C6973743B7872002C6A6176612E7574696C2E436F6C6C656374696F6E7324556E6D6F6469666961626C65436F6C6C656374696F6E19420080CB5EF71E0200014C00016371007E00047870737200136A6176612E7574696C2E41727261794C6973747881D21D99C7619D03000149000473697A65787000000002770400000002737200426F72672E737072696E676672616D65776F726B2E73656375726974792E636F72652E617574686F726974792E53696D706C654772616E746564417574686F7269747900000000000001900200014C0004726F6C657400124C6A6176612F6C616E672F537472696E673B7870740009524F4C455F555345527371007E000D74000A524F4C455F41444D494E7871007E000C707372003A6F72672E737072696E676672616D65776F726B2E73656375726974792E6F61757468322E70726F76696465722E4F41757468325265717565737400000000000000010200065A0008617070726F7665644C000B617574686F72697469657371007E00044C000A657874656E73696F6E7374000F4C6A6176612F7574696C2F4D61703B4C000B726564697265637455726971007E000E4C000B7265736F7572636549647374000F4C6A6176612F7574696C2F5365743B4C000D726573706F6E7365547970657371007E0015787200386F72672E737072696E676672616D65776F726B2E73656375726974792E6F61757468322E70726F76696465722E426173655265717565737436287A3EA37169BD0200034C0008636C69656E74496471007E000E4C001172657175657374506172616D657465727371007E00144C000573636F706571007E00157870740009636C69656E74617070737200256A6176612E7574696C2E436F6C6C656374696F6E7324556E6D6F6469666961626C654D6170F1A5A8FE74F507420200014C00016D71007E00147870737200116A6176612E7574696C2E486173684D61700507DAC1C31660D103000246000A6C6F6164466163746F724900097468726573686F6C6478703F4000000000000C7708000000100000000874000C6A6163636F756E745F7569647400067A687469616E74000A6772616E745F747970657400086A6163636F756E7474000D6A6163636F756E745F6465707474000CE887AAE58AA8E58C96E7B3BB7400146A6163636F756E745F6368696E6573656E616D65740009E794B0E4BD9CE58D8E74000B6A6163636F756E745F6964740005303139333874000573636F706574000A726561642077726974657400106A6163636F756E745F73747564656E747400026E6F740009636C69656E745F6964740009636C69656E7461707078737200256A6176612E7574696C2E436F6C6C656374696F6E7324556E6D6F6469666961626C65536574801D92D18F9B80550200007871007E0009737200176A6176612E7574696C2E4C696E6B656448617368536574D86CD75A95DD2A1E020000787200116A6176612E7574696C2E48617368536574BA44859596B8B7340300007870770C000000103F4000000000000274000472656164740005777269746578017371007E0030770C000000103F400000000000017371007E000D74000455534552787371007E001B3F400000000000007708000000100000000078707371007E002F770C000000103F4000000000000174000B7265737473657276696365787371007E0030770C000000103F40000000000000787372004F6F72672E737072696E676672616D65776F726B2E73656375726974792E61757468656E7469636174696F6E2E557365726E616D6550617373776F726441757468656E7469636174696F6E546F6B656E00000000000001900200024C000B63726564656E7469616C7371007E00054C00097072696E636970616C71007E00057871007E0003017371007E00077371007E000B0000000277040000000271007E000F71007E00117871007E003E70707372001A636F6D2E6175746F6C61622E6170692E6D6F64656C2E55736572000000000000006402000B4C0005626F6F6B7371007E00084C0015636F757273655465616368657253747564656E747371007E00084C000E636F75727365546561636865727371007E00084C00136A6163636F756E744368696E6573656E616D6571007E000E4C000C6A6163636F756E744465707471007E000E4C000A6A6163636F756E74496471007E000E4C000F6A6163636F756E7453747564656E7471007E000E4C000B6A6163636F756E7455696471007E000E4C000870617373776F726471007E000E4C0004726F6C657400214C636F6D2F6175746F6C61622F6170692F6D6F64656C2F5573657224526F6C653B4C0008757365726E616D6571007E000E78720020636F6D2E6175746F6C61622E6170692E6D6F64656C2E42617365456E74697479280AADE7CB3BC7DE0200044C000A63726561746554696D657400104C6A6176612F7574696C2F446174653B4C000269647400104C6A6176612F6C616E672F4C6F6E673B4C00036D617071007E00144C000673746174757374001E4C636F6D2F6175746F6C61622F6170692F6D6F64656C2F5374617475733B7870737200126A6176612E73716C2E54696D657374616D702618D5C80153BF650200014900056E616E6F737872000E6A6176612E7574696C2E44617465686A81014B59741903000078707708000001510FFC1B1878000000007372000E6A6176612E6C616E672E4C6F6E673B8BE490CC8F23DF0200014A000576616C7565787200106A6176612E6C616E672E4E756D62657286AC951D0B94E08B02000078700000000000000003707E72001C636F6D2E6175746F6C61622E6170692E6D6F64656C2E53746174757300000000000000001200007872000E6A6176612E6C616E672E456E756D000000000000000012000078707400024F4B7372002F6F72672E68696265726E6174652E636F6C6C656374696F6E2E696E7465726E616C2E50657273697374656E74426167464A645C192E1EC40200014C000362616771007E00087872003E6F72672E68696265726E6174652E636F6C6C656374696F6E2E696E7465726E616C2E416273747261637450657273697374656E74436F6C6C656374696F6E844A7E7706AE8D0B0200095A001B616C6C6F774C6F61644F7574736964655472616E73616374696F6E49000A63616368656453697A655A000564697274795A000B696E697469616C697A65644C00036B65797400164C6A6176612F696F2F53657269616C697A61626C653B4C00056F776E657271007E00054C0004726F6C6571007E000E4C001273657373696F6E466163746F72795575696471007E000E4C000E73746F726564536E617073686F7471007E0052787000FFFFFFFF000071007E004B71007E0045740020636F6D2E6175746F6C61622E6170692E6D6F64656C2E557365722E626F6F6B737070707371007E005000FFFFFFFF000071007E004B71007E0045740030636F6D2E6175746F6C61622E6170692E6D6F64656C2E557365722E636F757273655465616368657253747564656E74737070707371007E005000FFFFFFFF000071007E004B71007E0045740029636F6D2E6175746F6C61622E6170692E6D6F64656C2E557365722E636F757273655465616368657273707070740009E794B0E4BD9CE58D8E74000CE887AAE58AA8E58C96E7B3BB74000530313933387400026E6F7400067A687469616E74003C24326124313024586733592E6A7654673458665844665A7A6B355A46757575686C35336331344A78745442582F41596A373537364F447A35564469717E72001F636F6D2E6175746F6C61622E6170692E6D6F64656C2E5573657224526F6C6500000000000000001200007871007E004D74000A524F4C455F41444D494E7400053031393338','e214452ecfb470d4800838c5aa552ccb'),
	('806e84a5ea356a7f77a5a0d11adf3113',X'ACED0005737200436F72672E737072696E676672616D65776F726B2E73656375726974792E6F61757468322E636F6D6D6F6E2E44656661756C744F4175746832416363657373546F6B656E0CB29E361B24FACE0200064C00156164646974696F6E616C496E666F726D6174696F6E74000F4C6A6176612F7574696C2F4D61703B4C000A65787069726174696F6E7400104C6A6176612F7574696C2F446174653B4C000C72656672657368546F6B656E74003F4C6F72672F737072696E676672616D65776F726B2F73656375726974792F6F61757468322F636F6D6D6F6E2F4F417574683252656672657368546F6B656E3B4C000573636F706574000F4C6A6176612F7574696C2F5365743B4C0009746F6B656E547970657400124C6A6176612F6C616E672F537472696E673B4C000576616C756571007E000578707372001E6A6176612E7574696C2E436F6C6C656374696F6E7324456D7074794D6170593614855ADCE7D002000078707372000E6A6176612E7574696C2E44617465686A81014B597419030000787077080000015349E5450F787372004C6F72672E737072696E676672616D65776F726B2E73656375726974792E6F61757468322E636F6D6D6F6E2E44656661756C744578706972696E674F417574683252656672657368546F6B656E2FDF47639DD0C9B70200014C000A65787069726174696F6E71007E0002787200446F72672E737072696E676672616D65776F726B2E73656375726974792E6F61757468322E636F6D6D6F6E2E44656661756C744F417574683252656672657368546F6B656E73E10E0A6354D45E0200014C000576616C756571007E0005787074002436366461336666322D343134312D343237612D386632662D3434323433643263336632357371007E0009770800000151E1681D0E78737200256A6176612E7574696C2E436F6C6C656374696F6E7324556E6D6F6469666961626C65536574801D92D18F9B80550200007872002C6A6176612E7574696C2E436F6C6C656374696F6E7324556E6D6F6469666961626C65436F6C6C656374696F6E19420080CB5EF71E0200014C0001637400164C6A6176612F7574696C2F436F6C6C656374696F6E3B7870737200176A6176612E7574696C2E4C696E6B656448617368536574D86CD75A95DD2A1E020000787200116A6176612E7574696C2E48617368536574BA44859596B8B7340300007870770C000000043F400000000000027400047265616474000577726974657874000662656172657274002466623533623430632D336330622D343332632D386662662D303437623230313936623265','aaa6f94c42e0bb51e4318462ec0fcca3','1140329122','clientapp',X'ACED0005737200416F72672E737072696E676672616D65776F726B2E73656375726974792E6F61757468322E70726F76696465722E4F417574683241757468656E7469636174696F6EBD400B02166252130200024C000D73746F7265645265717565737474003C4C6F72672F737072696E676672616D65776F726B2F73656375726974792F6F61757468322F70726F76696465722F4F4175746832526571756573743B4C00127573657241757468656E7469636174696F6E7400324C6F72672F737072696E676672616D65776F726B2F73656375726974792F636F72652F41757468656E7469636174696F6E3B787200476F72672E737072696E676672616D65776F726B2E73656375726974792E61757468656E7469636174696F6E2E416273747261637441757468656E7469636174696F6E546F6B656ED3AA287E6E47640E0200035A000D61757468656E746963617465644C000B617574686F7269746965737400164C6A6176612F7574696C2F436F6C6C656374696F6E3B4C000764657461696C737400124C6A6176612F6C616E672F4F626A6563743B787000737200266A6176612E7574696C2E436F6C6C656374696F6E7324556E6D6F6469666961626C654C697374FC0F2531B5EC8E100200014C00046C6973747400104C6A6176612F7574696C2F4C6973743B7872002C6A6176612E7574696C2E436F6C6C656374696F6E7324556E6D6F6469666961626C65436F6C6C656374696F6E19420080CB5EF71E0200014C00016371007E00047870737200136A6176612E7574696C2E41727261794C6973747881D21D99C7619D03000149000473697A65787000000001770400000001737200426F72672E737072696E676672616D65776F726B2E73656375726974792E636F72652E617574686F726974792E53696D706C654772616E746564417574686F7269747900000000000001900200014C0004726F6C657400124C6A6176612F6C616E672F537472696E673B7870740009524F4C455F555345527871007E000C707372003A6F72672E737072696E676672616D65776F726B2E73656375726974792E6F61757468322E70726F76696465722E4F41757468325265717565737400000000000000010200065A0008617070726F7665644C000B617574686F72697469657371007E00044C000A657874656E73696F6E7374000F4C6A6176612F7574696C2F4D61703B4C000B726564697265637455726971007E000E4C000B7265736F7572636549647374000F4C6A6176612F7574696C2F5365743B4C000D726573706F6E7365547970657371007E0013787200386F72672E737072696E676672616D65776F726B2E73656375726974792E6F61757468322E70726F76696465722E426173655265717565737436287A3EA37169BD0200034C0008636C69656E74496471007E000E4C001172657175657374506172616D657465727371007E00124C000573636F706571007E00137870740009636C69656E74617070737200256A6176612E7574696C2E436F6C6C656374696F6E7324556E6D6F6469666961626C654D6170F1A5A8FE74F507420200014C00016D71007E00127870737200116A6176612E7574696C2E486173684D61700507DAC1C31660D103000246000A6C6F6164466163746F724900097468726573686F6C6478703F4000000000000C7708000000100000000874000C6A6163636F756E745F7569647400097A68616F67756F716974000A6772616E745F747970657400086A6163636F756E7474000D6A6163636F756E745F6465707474000CE887AAE58AA8E58C96E7B3BB7400146A6163636F756E745F6368696E6573656E616D65740009E8B5B5E59BBDE6979774000B6A6163636F756E745F696474000A3131343033323931323274000573636F706574000A726561642077726974657400106A6163636F756E745F73747564656E74740003796573740009636C69656E745F6964740009636C69656E7461707078737200256A6176612E7574696C2E436F6C6C656374696F6E7324556E6D6F6469666961626C65536574801D92D18F9B80550200007871007E0009737200176A6176612E7574696C2E4C696E6B656448617368536574D86CD75A95DD2A1E020000787200116A6176612E7574696C2E48617368536574BA44859596B8B7340300007870770C000000103F4000000000000274000472656164740005777269746578017371007E002E770C000000103F400000000000017371007E000D74000455534552787371007E00193F400000000000007708000000100000000078707371007E002D770C000000103F4000000000000174000B7265737473657276696365787371007E002E770C000000103F40000000000000787372004F6F72672E737072696E676672616D65776F726B2E73656375726974792E61757468656E7469636174696F6E2E557365726E616D6550617373776F726441757468656E7469636174696F6E546F6B656E00000000000001900200024C000B63726564656E7469616C7371007E00054C00097072696E636970616C71007E00057871007E0003017371007E00077371007E000B0000000177040000000171007E000F7871007E003C70707372001A636F6D2E6175746F6C61622E6170692E6D6F64656C2E55736572000000000000006402000B4C0005626F6F6B7371007E00084C0015636F757273655465616368657253747564656E747371007E00084C000E636F75727365546561636865727371007E00084C00136A6163636F756E744368696E6573656E616D6571007E000E4C000C6A6163636F756E744465707471007E000E4C000A6A6163636F756E74496471007E000E4C000F6A6163636F756E7453747564656E7471007E000E4C000B6A6163636F756E7455696471007E000E4C000870617373776F726471007E000E4C0004726F6C657400214C636F6D2F6175746F6C61622F6170692F6D6F64656C2F5573657224526F6C653B4C0008757365726E616D6571007E000E78720020636F6D2E6175746F6C61622E6170692E6D6F64656C2E42617365456E74697479280AADE7CB3BC7DE0200044C000A63726561746554696D657400104C6A6176612F7574696C2F446174653B4C000269647400104C6A6176612F6C616E672F4C6F6E673B4C00036D617071007E00124C000673746174757374001E4C636F6D2F6175746F6C61622F6170692F6D6F64656C2F5374617475733B7870737200126A6176612E73716C2E54696D657374616D702618D5C80153BF650200014900056E616E6F737872000E6A6176612E7574696C2E44617465686A81014B5974190300007870770800000150EF4526D078000000007372000E6A6176612E6C616E672E4C6F6E673B8BE490CC8F23DF0200014A000576616C7565787200106A6176612E6C616E672E4E756D62657286AC951D0B94E08B02000078700000000000000002707E72001C636F6D2E6175746F6C61622E6170692E6D6F64656C2E53746174757300000000000000001200007872000E6A6176612E6C616E672E456E756D000000000000000012000078707400024F4B7372002F6F72672E68696265726E6174652E636F6C6C656374696F6E2E696E7465726E616C2E50657273697374656E74426167464A645C192E1EC40200014C000362616771007E00087872003E6F72672E68696265726E6174652E636F6C6C656374696F6E2E696E7465726E616C2E416273747261637450657273697374656E74436F6C6C656374696F6E844A7E7706AE8D0B0200095A001B616C6C6F774C6F61644F7574736964655472616E73616374696F6E49000A63616368656453697A655A000564697274795A000B696E697469616C697A65644C00036B65797400164C6A6176612F696F2F53657269616C697A61626C653B4C00056F776E657271007E00054C0004726F6C6571007E000E4C001273657373696F6E466163746F72795575696471007E000E4C000E73746F726564536E617073686F7471007E0050787000FFFFFFFF000071007E004971007E0043740020636F6D2E6175746F6C61622E6170692E6D6F64656C2E557365722E626F6F6B737070707371007E004E00FFFFFFFF000071007E004971007E0043740030636F6D2E6175746F6C61622E6170692E6D6F64656C2E557365722E636F757273655465616368657253747564656E74737070707371007E004E00FFFFFFFF000071007E004971007E0043740029636F6D2E6175746F6C61622E6170692E6D6F64656C2E557365722E636F757273655465616368657273707070740009E8B5B5E59BBDE6979774000CE887AAE58AA8E58C96E7B3BB74000A313134303332393132327400037965737400097A68616F67756F716974003C24326124313024684F65454D634B6637374B357744416B684A5271646557744D76386130566F2F61566A59334B794D4566674F4A7A51487A7076464B7E72001F636F6D2E6175746F6C61622E6170692E6D6F64656C2E5573657224526F6C6500000000000000001200007871007E004B740009524F4C455F5553455274000A31313430333239313232','f68e26c5c4c3fb51916c8afccba1736c');

/*!40000 ALTER TABLE `oauth_access_token` ENABLE KEYS */;
UNLOCK TABLES;


# Dump of table oauth_client_details
# ------------------------------------------------------------

DROP TABLE IF EXISTS `oauth_client_details`;

CREATE TABLE `oauth_client_details` (
  `client_id` varchar(255) NOT NULL,
  `resource_ids` varchar(255) DEFAULT NULL,
  `client_secret` varchar(255) DEFAULT NULL,
  `scope` varchar(255) DEFAULT NULL,
  `authorized_grant_types` varchar(255) DEFAULT NULL,
  `web_server_redirect_uri` varchar(255) DEFAULT NULL,
  `authorities` varchar(255) DEFAULT NULL,
  `access_token_validity` int(11) DEFAULT NULL,
  `refresh_token_validity` int(11) DEFAULT NULL,
  `additional_information` varchar(4096) DEFAULT NULL,
  PRIMARY KEY (`client_id`)
) ENGINE=InnoDB DEFAULT CHARSET=utf8;



# Dump of table oauth_client_token
# ------------------------------------------------------------

DROP TABLE IF EXISTS `oauth_client_token`;

CREATE TABLE `oauth_client_token` (
  `token_id` varchar(255) DEFAULT NULL,
  `token` blob,
  `authentication_id` varchar(255) DEFAULT NULL,
  `user_name` varchar(255) DEFAULT NULL,
  `client_id` varchar(255) DEFAULT NULL
) ENGINE=InnoDB DEFAULT CHARSET=utf8;



# Dump of table oauth_code
# ------------------------------------------------------------

DROP TABLE IF EXISTS `oauth_code`;

CREATE TABLE `oauth_code` (
  `code` varchar(255) DEFAULT NULL,
  `authentication` blob
) ENGINE=InnoDB DEFAULT CHARSET=utf8;



# Dump of table oauth_refresh_token
# ------------------------------------------------------------

DROP TABLE IF EXISTS `oauth_refresh_token`;

CREATE TABLE `oauth_refresh_token` (
  `token_id` varchar(255) DEFAULT NULL,
  `token` blob,
  `authentication` blob
) ENGINE=InnoDB DEFAULT CHARSET=utf8;

LOCK TABLES `oauth_refresh_token` WRITE;
/*!40000 ALTER TABLE `oauth_refresh_token` DISABLE KEYS */;

INSERT INTO `oauth_refresh_token` (`token_id`, `token`, `authentication`)
VALUES
	('bd8faa4a8f1492a7999f633994718e4d',X'ACED00057372004C6F72672E737072696E676672616D65776F726B2E73656375726974792E6F61757468322E636F6D6D6F6E2E44656661756C744578706972696E674F417574683252656672657368546F6B656E2FDF47639DD0C9B70200014C000A65787069726174696F6E7400104C6A6176612F7574696C2F446174653B787200446F72672E737072696E676672616D65776F726B2E73656375726974792E6F61757468322E636F6D6D6F6E2E44656661756C744F417574683252656672657368546F6B656E73E10E0A6354D45E0200014C000576616C75657400124C6A6176612F6C616E672F537472696E673B787074002430393031323563632D326330312D346137642D626136642D6266376563353132323765327372000E6A6176612E7574696C2E44617465686A81014B597419030000787077080000015184DBF4C678',X'ACED0005737200416F72672E737072696E676672616D65776F726B2E73656375726974792E6F61757468322E70726F76696465722E4F417574683241757468656E7469636174696F6EBD400B02166252130200024C000D73746F7265645265717565737474003C4C6F72672F737072696E676672616D65776F726B2F73656375726974792F6F61757468322F70726F76696465722F4F4175746832526571756573743B4C00127573657241757468656E7469636174696F6E7400324C6F72672F737072696E676672616D65776F726B2F73656375726974792F636F72652F41757468656E7469636174696F6E3B787200476F72672E737072696E676672616D65776F726B2E73656375726974792E61757468656E7469636174696F6E2E416273747261637441757468656E7469636174696F6E546F6B656ED3AA287E6E47640E0200035A000D61757468656E746963617465644C000B617574686F7269746965737400164C6A6176612F7574696C2F436F6C6C656374696F6E3B4C000764657461696C737400124C6A6176612F6C616E672F4F626A6563743B787000737200266A6176612E7574696C2E436F6C6C656374696F6E7324556E6D6F6469666961626C654C697374FC0F2531B5EC8E100200014C00046C6973747400104C6A6176612F7574696C2F4C6973743B7872002C6A6176612E7574696C2E436F6C6C656374696F6E7324556E6D6F6469666961626C65436F6C6C656374696F6E19420080CB5EF71E0200014C00016371007E00047870737200136A6176612E7574696C2E41727261794C6973747881D21D99C7619D03000149000473697A65787000000001770400000001737200426F72672E737072696E676672616D65776F726B2E73656375726974792E636F72652E617574686F726974792E53696D706C654772616E746564417574686F7269747900000000000001900200014C0004726F6C657400124C6A6176612F6C616E672F537472696E673B7870740009524F4C455F555345527871007E000C707372003A6F72672E737072696E676672616D65776F726B2E73656375726974792E6F61757468322E70726F76696465722E4F41757468325265717565737400000000000000010200065A0008617070726F7665644C000B617574686F72697469657371007E00044C000A657874656E73696F6E7374000F4C6A6176612F7574696C2F4D61703B4C000B726564697265637455726971007E000E4C000B7265736F7572636549647374000F4C6A6176612F7574696C2F5365743B4C000D726573706F6E7365547970657371007E0013787200386F72672E737072696E676672616D65776F726B2E73656375726974792E6F61757468322E70726F76696465722E426173655265717565737436287A3EA37169BD0200034C0008636C69656E74496471007E000E4C001172657175657374506172616D657465727371007E00124C000573636F706571007E00137870740009636C69656E74617070737200256A6176612E7574696C2E436F6C6C656374696F6E7324556E6D6F6469666961626C654D6170F1A5A8FE74F507420200014C00016D71007E00127870737200116A6176612E7574696C2E486173684D61700507DAC1C31660D103000246000A6C6F6164466163746F724900097468726573686F6C6478703F4000000000000C7708000000100000000874000C6A6163636F756E745F7569647400097A68616F67756F716974000A6772616E745F747970657400086A6163636F756E7474000D6A6163636F756E745F6465707474000CE887AAE58AA8E58C96E7B3BB7400146A6163636F756E745F6368696E6573656E616D65740009E8B5B5E59BBDE6979774000B6A6163636F756E745F696474000A3131343033323931323274000573636F706574000A726561642077726974657400106A6163636F756E745F73747564656E74740003796573740009636C69656E745F6964740009636C69656E7461707078737200256A6176612E7574696C2E436F6C6C656374696F6E7324556E6D6F6469666961626C65536574801D92D18F9B80550200007871007E0009737200176A6176612E7574696C2E4C696E6B656448617368536574D86CD75A95DD2A1E020000787200116A6176612E7574696C2E48617368536574BA44859596B8B7340300007870770C000000103F4000000000000274000472656164740005777269746578017371007E002E770C000000103F400000000000017371007E000D74000455534552787371007E00193F400000000000007708000000100000000078707371007E002D770C000000103F4000000000000174000B7265737473657276696365787371007E002E770C000000103F40000000000000787372004F6F72672E737072696E676672616D65776F726B2E73656375726974792E61757468656E7469636174696F6E2E557365726E616D6550617373776F726441757468656E7469636174696F6E546F6B656E00000000000001900200024C000B63726564656E7469616C7371007E00054C00097072696E636970616C71007E00057871007E0003017371007E00077371007E000B0000000177040000000171007E000F7871007E003C70707372001A636F6D2E6175746F6C61622E6170692E6D6F64656C2E55736572000000000000006402000B4C0005626F6F6B7371007E00084C0015636F757273655465616368657253747564656E747371007E00084C000E636F75727365546561636865727371007E00084C00136A6163636F756E744368696E6573656E616D6571007E000E4C000C6A6163636F756E744465707471007E000E4C000A6A6163636F756E74496471007E000E4C000F6A6163636F756E7453747564656E7471007E000E4C000B6A6163636F756E7455696471007E000E4C000870617373776F726471007E000E4C0004726F6C657400214C636F6D2F6175746F6C61622F6170692F6D6F64656C2F5573657224526F6C653B4C0008757365726E616D6571007E000E78720020636F6D2E6175746F6C61622E6170692E6D6F64656C2E42617365456E74697479280AADE7CB3BC7DE0200044C000A63726561746554696D657400104C6A6176612F7574696C2F446174653B4C000269647400104C6A6176612F6C616E672F4C6F6E673B4C00036D617071007E00124C000673746174757374001E4C636F6D2F6175746F6C61622F6170692F6D6F64656C2F5374617475733B7870737200126A6176612E73716C2E54696D657374616D702618D5C80153BF650200014900056E616E6F737872000E6A6176612E7574696C2E44617465686A81014B5974190300007870770800000150EF4526D078000000007372000E6A6176612E6C616E672E4C6F6E673B8BE490CC8F23DF0200014A000576616C7565787200106A6176612E6C616E672E4E756D62657286AC951D0B94E08B02000078700000000000000002707E72001C636F6D2E6175746F6C61622E6170692E6D6F64656C2E53746174757300000000000000001200007872000E6A6176612E6C616E672E456E756D000000000000000012000078707400024F4B7372002F6F72672E68696265726E6174652E636F6C6C656374696F6E2E696E7465726E616C2E50657273697374656E74426167464A645C192E1EC40200014C000362616771007E00087872003E6F72672E68696265726E6174652E636F6C6C656374696F6E2E696E7465726E616C2E416273747261637450657273697374656E74436F6C6C656374696F6E844A7E7706AE8D0B0200095A001B616C6C6F774C6F61644F7574736964655472616E73616374696F6E49000A63616368656453697A655A000564697274795A000B696E697469616C697A65644C00036B65797400164C6A6176612F696F2F53657269616C697A61626C653B4C00056F776E657271007E00054C0004726F6C6571007E000E4C001273657373696F6E466163746F72795575696471007E000E4C000E73746F726564536E617073686F7471007E0050787000FFFFFFFF000071007E004971007E0043740020636F6D2E6175746F6C61622E6170692E6D6F64656C2E557365722E626F6F6B737070707371007E004E00FFFFFFFF000071007E004971007E0043740030636F6D2E6175746F6C61622E6170692E6D6F64656C2E557365722E636F757273655465616368657253747564656E74737070707371007E004E00FFFFFFFF000071007E004971007E0043740029636F6D2E6175746F6C61622E6170692E6D6F64656C2E557365722E636F757273655465616368657273707070740009E8B5B5E59BBDE6979774000CE887AAE58AA8E58C96E7B3BB74000A313134303332393132327400037965737400097A68616F67756F716974003C24326124313024684F65454D634B6637374B357744416B684A5271646557744D76386130566F2F61566A59334B794D4566674F4A7A51487A7076464B7E72001F636F6D2E6175746F6C61622E6170692E6D6F64656C2E5573657224526F6C6500000000000000001200007871007E004B740009524F4C455F5553455274000A31313430333239313232'),
	('e214452ecfb470d4800838c5aa552ccb',X'ACED00057372004C6F72672E737072696E676672616D65776F726B2E73656375726974792E6F61757468322E636F6D6D6F6E2E44656661756C744578706972696E674F417574683252656672657368546F6B656E2FDF47639DD0C9B70200014C000A65787069726174696F6E7400104C6A6176612F7574696C2F446174653B787200446F72672E737072696E676672616D65776F726B2E73656375726974792E6F61757468322E636F6D6D6F6E2E44656661756C744F417574683252656672657368546F6B656E73E10E0A6354D45E0200014C000576616C75657400124C6A6176612F6C616E672F537472696E673B787074002432366330613963622D636464662D343633612D616638652D3834393032656438656365647372000E6A6176612E7574696C2E44617465686A81014B597419030000787077080000015184D799A278',X'ACED0005737200416F72672E737072696E676672616D65776F726B2E73656375726974792E6F61757468322E70726F76696465722E4F417574683241757468656E7469636174696F6EBD400B02166252130200024C000D73746F7265645265717565737474003C4C6F72672F737072696E676672616D65776F726B2F73656375726974792F6F61757468322F70726F76696465722F4F4175746832526571756573743B4C00127573657241757468656E7469636174696F6E7400324C6F72672F737072696E676672616D65776F726B2F73656375726974792F636F72652F41757468656E7469636174696F6E3B787200476F72672E737072696E676672616D65776F726B2E73656375726974792E61757468656E7469636174696F6E2E416273747261637441757468656E7469636174696F6E546F6B656ED3AA287E6E47640E0200035A000D61757468656E746963617465644C000B617574686F7269746965737400164C6A6176612F7574696C2F436F6C6C656374696F6E3B4C000764657461696C737400124C6A6176612F6C616E672F4F626A6563743B787000737200266A6176612E7574696C2E436F6C6C656374696F6E7324556E6D6F6469666961626C654C697374FC0F2531B5EC8E100200014C00046C6973747400104C6A6176612F7574696C2F4C6973743B7872002C6A6176612E7574696C2E436F6C6C656374696F6E7324556E6D6F6469666961626C65436F6C6C656374696F6E19420080CB5EF71E0200014C00016371007E00047870737200136A6176612E7574696C2E41727261794C6973747881D21D99C7619D03000149000473697A65787000000002770400000002737200426F72672E737072696E676672616D65776F726B2E73656375726974792E636F72652E617574686F726974792E53696D706C654772616E746564417574686F7269747900000000000001900200014C0004726F6C657400124C6A6176612F6C616E672F537472696E673B7870740009524F4C455F555345527371007E000D74000A524F4C455F41444D494E7871007E000C707372003A6F72672E737072696E676672616D65776F726B2E73656375726974792E6F61757468322E70726F76696465722E4F41757468325265717565737400000000000000010200065A0008617070726F7665644C000B617574686F72697469657371007E00044C000A657874656E73696F6E7374000F4C6A6176612F7574696C2F4D61703B4C000B726564697265637455726971007E000E4C000B7265736F7572636549647374000F4C6A6176612F7574696C2F5365743B4C000D726573706F6E7365547970657371007E0015787200386F72672E737072696E676672616D65776F726B2E73656375726974792E6F61757468322E70726F76696465722E426173655265717565737436287A3EA37169BD0200034C0008636C69656E74496471007E000E4C001172657175657374506172616D657465727371007E00144C000573636F706571007E00157870740009636C69656E74617070737200256A6176612E7574696C2E436F6C6C656374696F6E7324556E6D6F6469666961626C654D6170F1A5A8FE74F507420200014C00016D71007E00147870737200116A6176612E7574696C2E486173684D61700507DAC1C31660D103000246000A6C6F6164466163746F724900097468726573686F6C6478703F4000000000000C7708000000100000000874000C6A6163636F756E745F7569647400067A687469616E74000A6772616E745F747970657400086A6163636F756E7474000D6A6163636F756E745F6465707474000CE887AAE58AA8E58C96E7B3BB7400146A6163636F756E745F6368696E6573656E616D65740009E794B0E4BD9CE58D8E74000B6A6163636F756E745F6964740005303139333874000573636F706574000A726561642077726974657400106A6163636F756E745F73747564656E747400026E6F740009636C69656E745F6964740009636C69656E7461707078737200256A6176612E7574696C2E436F6C6C656374696F6E7324556E6D6F6469666961626C65536574801D92D18F9B80550200007871007E0009737200176A6176612E7574696C2E4C696E6B656448617368536574D86CD75A95DD2A1E020000787200116A6176612E7574696C2E48617368536574BA44859596B8B7340300007870770C000000103F4000000000000274000472656164740005777269746578017371007E0030770C000000103F400000000000017371007E000D74000455534552787371007E001B3F400000000000007708000000100000000078707371007E002F770C000000103F4000000000000174000B7265737473657276696365787371007E0030770C000000103F40000000000000787372004F6F72672E737072696E676672616D65776F726B2E73656375726974792E61757468656E7469636174696F6E2E557365726E616D6550617373776F726441757468656E7469636174696F6E546F6B656E00000000000001900200024C000B63726564656E7469616C7371007E00054C00097072696E636970616C71007E00057871007E0003017371007E00077371007E000B0000000277040000000271007E000F71007E00117871007E003E70707372001A636F6D2E6175746F6C61622E6170692E6D6F64656C2E55736572000000000000006402000B4C0005626F6F6B7371007E00084C0015636F757273655465616368657253747564656E747371007E00084C000E636F75727365546561636865727371007E00084C00136A6163636F756E744368696E6573656E616D6571007E000E4C000C6A6163636F756E744465707471007E000E4C000A6A6163636F756E74496471007E000E4C000F6A6163636F756E7453747564656E7471007E000E4C000B6A6163636F756E7455696471007E000E4C000870617373776F726471007E000E4C0004726F6C657400214C636F6D2F6175746F6C61622F6170692F6D6F64656C2F5573657224526F6C653B4C0008757365726E616D6571007E000E78720020636F6D2E6175746F6C61622E6170692E6D6F64656C2E42617365456E74697479280AADE7CB3BC7DE0200044C000A63726561746554696D657400104C6A6176612F7574696C2F446174653B4C000269647400104C6A6176612F6C616E672F4C6F6E673B4C00036D617071007E00144C000673746174757374001E4C636F6D2F6175746F6C61622F6170692F6D6F64656C2F5374617475733B7870737200126A6176612E73716C2E54696D657374616D702618D5C80153BF650200014900056E616E6F737872000E6A6176612E7574696C2E44617465686A81014B59741903000078707708000001510FFC1B1878000000007372000E6A6176612E6C616E672E4C6F6E673B8BE490CC8F23DF0200014A000576616C7565787200106A6176612E6C616E672E4E756D62657286AC951D0B94E08B02000078700000000000000003707E72001C636F6D2E6175746F6C61622E6170692E6D6F64656C2E53746174757300000000000000001200007872000E6A6176612E6C616E672E456E756D000000000000000012000078707400024F4B7372002F6F72672E68696265726E6174652E636F6C6C656374696F6E2E696E7465726E616C2E50657273697374656E74426167464A645C192E1EC40200014C000362616771007E00087872003E6F72672E68696265726E6174652E636F6C6C656374696F6E2E696E7465726E616C2E416273747261637450657273697374656E74436F6C6C656374696F6E844A7E7706AE8D0B0200095A001B616C6C6F774C6F61644F7574736964655472616E73616374696F6E49000A63616368656453697A655A000564697274795A000B696E697469616C697A65644C00036B65797400164C6A6176612F696F2F53657269616C697A61626C653B4C00056F776E657271007E00054C0004726F6C6571007E000E4C001273657373696F6E466163746F72795575696471007E000E4C000E73746F726564536E617073686F7471007E0052787000FFFFFFFF000071007E004B71007E0045740020636F6D2E6175746F6C61622E6170692E6D6F64656C2E557365722E626F6F6B737070707371007E005000FFFFFFFF000071007E004B71007E0045740030636F6D2E6175746F6C61622E6170692E6D6F64656C2E557365722E636F757273655465616368657253747564656E74737070707371007E005000FFFFFFFF000071007E004B71007E0045740029636F6D2E6175746F6C61622E6170692E6D6F64656C2E557365722E636F757273655465616368657273707070740009E794B0E4BD9CE58D8E74000CE887AAE58AA8E58C96E7B3BB74000530313933387400026E6F7400067A687469616E74003C24326124313024586733592E6A7654673458665844665A7A6B355A46757575686C35336331344A78745442582F41596A373537364F447A35564469717E72001F636F6D2E6175746F6C61622E6170692E6D6F64656C2E5573657224526F6C6500000000000000001200007871007E004D74000A524F4C455F41444D494E7400053031393338'),
	('2c75be64115bd1e469c475d85a91b0f1',X'ACED00057372004C6F72672E737072696E676672616D65776F726B2E73656375726974792E6F61757468322E636F6D6D6F6E2E44656661756C744578706972696E674F417574683252656672657368546F6B656E2FDF47639DD0C9B70200014C000A65787069726174696F6E7400104C6A6176612F7574696C2F446174653B787200446F72672E737072696E676672616D65776F726B2E73656375726974792E6F61757468322E636F6D6D6F6E2E44656661756C744F417574683252656672657368546F6B656E73E10E0A6354D45E0200014C000576616C75657400124C6A6176612F6C616E672F537472696E673B787074002435643533393835322D613139302D346566332D626238362D3833643936386538653062637372000E6A6176612E7574696C2E44617465686A81014B5974190300007870770800000151852E329578',X'ACED0005737200416F72672E737072696E676672616D65776F726B2E73656375726974792E6F61757468322E70726F76696465722E4F417574683241757468656E7469636174696F6EBD400B02166252130200024C000D73746F7265645265717565737474003C4C6F72672F737072696E676672616D65776F726B2F73656375726974792F6F61757468322F70726F76696465722F4F4175746832526571756573743B4C00127573657241757468656E7469636174696F6E7400324C6F72672F737072696E676672616D65776F726B2F73656375726974792F636F72652F41757468656E7469636174696F6E3B787200476F72672E737072696E676672616D65776F726B2E73656375726974792E61757468656E7469636174696F6E2E416273747261637441757468656E7469636174696F6E546F6B656ED3AA287E6E47640E0200035A000D61757468656E746963617465644C000B617574686F7269746965737400164C6A6176612F7574696C2F436F6C6C656374696F6E3B4C000764657461696C737400124C6A6176612F6C616E672F4F626A6563743B787000737200266A6176612E7574696C2E436F6C6C656374696F6E7324556E6D6F6469666961626C654C697374FC0F2531B5EC8E100200014C00046C6973747400104C6A6176612F7574696C2F4C6973743B7872002C6A6176612E7574696C2E436F6C6C656374696F6E7324556E6D6F6469666961626C65436F6C6C656374696F6E19420080CB5EF71E0200014C00016371007E00047870737200136A6176612E7574696C2E41727261794C6973747881D21D99C7619D03000149000473697A65787000000001770400000001737200426F72672E737072696E676672616D65776F726B2E73656375726974792E636F72652E617574686F726974792E53696D706C654772616E746564417574686F7269747900000000000001900200014C0004726F6C657400124C6A6176612F6C616E672F537472696E673B7870740009524F4C455F555345527871007E000C707372003A6F72672E737072696E676672616D65776F726B2E73656375726974792E6F61757468322E70726F76696465722E4F41757468325265717565737400000000000000010200065A0008617070726F7665644C000B617574686F72697469657371007E00044C000A657874656E73696F6E7374000F4C6A6176612F7574696C2F4D61703B4C000B726564697265637455726971007E000E4C000B7265736F7572636549647374000F4C6A6176612F7574696C2F5365743B4C000D726573706F6E7365547970657371007E0013787200386F72672E737072696E676672616D65776F726B2E73656375726974792E6F61757468322E70726F76696465722E426173655265717565737436287A3EA37169BD0200034C0008636C69656E74496471007E000E4C001172657175657374506172616D657465727371007E00124C000573636F706571007E00137870740009636C69656E74617070737200256A6176612E7574696C2E436F6C6C656374696F6E7324556E6D6F6469666961626C654D6170F1A5A8FE74F507420200014C00016D71007E00127870737200116A6176612E7574696C2E486173684D61700507DAC1C31660D103000246000A6C6F6164466163746F724900097468726573686F6C6478703F4000000000000C7708000000100000000874000C6A6163636F756E745F75696474000A71696E7A68616F6B756E74000A6772616E745F747970657400086A6163636F756E7474000D6A6163636F756E745F6465707474001BE8AEA1E7AE97E69CBAE7A791E5ADA6E4B88EE5B7A5E7A88BE7B3BB7400146A6163636F756E745F6368696E6573656E616D65740009E8A683E58586E59DA474000B6A6163636F756E745F696474000A3131343033333930383774000573636F706574000A726561642077726974657400106A6163636F756E745F73747564656E74740003796573740009636C69656E745F6964740009636C69656E7461707078737200256A6176612E7574696C2E436F6C6C656374696F6E7324556E6D6F6469666961626C65536574801D92D18F9B80550200007871007E0009737200176A6176612E7574696C2E4C696E6B656448617368536574D86CD75A95DD2A1E020000787200116A6176612E7574696C2E48617368536574BA44859596B8B7340300007870770C000000103F4000000000000274000472656164740005777269746578017371007E002E770C000000103F400000000000017371007E000D74000455534552787371007E00193F400000000000007708000000100000000078707371007E002D770C000000103F4000000000000174000B7265737473657276696365787371007E002E770C000000103F40000000000000787372004F6F72672E737072696E676672616D65776F726B2E73656375726974792E61757468656E7469636174696F6E2E557365726E616D6550617373776F726441757468656E7469636174696F6E546F6B656E00000000000001900200024C000B63726564656E7469616C7371007E00054C00097072696E636970616C71007E00057871007E0003017371007E00077371007E000B0000000177040000000171007E000F7871007E003C70707372001A636F6D2E6175746F6C61622E6170692E6D6F64656C2E55736572000000000000006402000B4C0005626F6F6B7371007E00084C0015636F757273655465616368657253747564656E747371007E00084C000E636F75727365546561636865727371007E00084C00136A6163636F756E744368696E6573656E616D6571007E000E4C000C6A6163636F756E744465707471007E000E4C000A6A6163636F756E74496471007E000E4C000F6A6163636F756E7453747564656E7471007E000E4C000B6A6163636F756E7455696471007E000E4C000870617373776F726471007E000E4C0004726F6C657400214C636F6D2F6175746F6C61622F6170692F6D6F64656C2F5573657224526F6C653B4C0008757365726E616D6571007E000E78720020636F6D2E6175746F6C61622E6170692E6D6F64656C2E42617365456E74697479280AADE7CB3BC7DE0200044C000A63726561746554696D657400104C6A6176612F7574696C2F446174653B4C000269647400104C6A6176612F6C616E672F4C6F6E673B4C00036D617071007E00124C000673746174757374001E4C636F6D2F6175746F6C61622F6170692F6D6F64656C2F5374617475733B7870737200126A6176612E73716C2E54696D657374616D702618D5C80153BF650200014900056E616E6F737872000E6A6176612E7574696C2E44617465686A81014B5974190300007870770800000150EAFD306878000000007372000E6A6176612E6C616E672E4C6F6E673B8BE490CC8F23DF0200014A000576616C7565787200106A6176612E6C616E672E4E756D62657286AC951D0B94E08B02000078700000000000000001707E72001C636F6D2E6175746F6C61622E6170692E6D6F64656C2E53746174757300000000000000001200007872000E6A6176612E6C616E672E456E756D000000000000000012000078707400024F4B7372002F6F72672E68696265726E6174652E636F6C6C656374696F6E2E696E7465726E616C2E50657273697374656E74426167464A645C192E1EC40200014C000362616771007E00087872003E6F72672E68696265726E6174652E636F6C6C656374696F6E2E696E7465726E616C2E416273747261637450657273697374656E74436F6C6C656374696F6E844A7E7706AE8D0B0200095A001B616C6C6F774C6F61644F7574736964655472616E73616374696F6E49000A63616368656453697A655A000564697274795A000B696E697469616C697A65644C00036B65797400164C6A6176612F696F2F53657269616C697A61626C653B4C00056F776E657271007E00054C0004726F6C6571007E000E4C001273657373696F6E466163746F72795575696471007E000E4C000E73746F726564536E617073686F7471007E0050787000FFFFFFFF000071007E004971007E0043740020636F6D2E6175746F6C61622E6170692E6D6F64656C2E557365722E626F6F6B737070707371007E004E00FFFFFFFF000071007E004971007E0043740030636F6D2E6175746F6C61622E6170692E6D6F64656C2E557365722E636F757273655465616368657253747564656E74737070707371007E004E00FFFFFFFF000071007E004971007E0043740029636F6D2E6175746F6C61622E6170692E6D6F64656C2E557365722E636F757273655465616368657273707070740009E8A683E58586E59DA474001BE8AEA1E7AE97E69CBAE7A791E5ADA6E4B88EE5B7A5E7A88BE7B3BB74000A3131343033333930383774000379657374000A71696E7A68616F6B756E74003C243261243130242F6C66716F4F4E694F317133544D4B4B7044706E542E71445A66326D4D574E72652F4C793336626E6658446E436831687A355833617E72001F636F6D2E6175746F6C61622E6170692E6D6F64656C2E5573657224526F6C6500000000000000001200007871007E004B740009524F4C455F5553455274000A31313430333339303837'),
	('f68e26c5c4c3fb51916c8afccba1736c',X'ACED00057372004C6F72672E737072696E676672616D65776F726B2E73656375726974792E6F61757468322E636F6D6D6F6E2E44656661756C744578706972696E674F417574683252656672657368546F6B656E2FDF47639DD0C9B70200014C000A65787069726174696F6E7400104C6A6176612F7574696C2F446174653B787200446F72672E737072696E676672616D65776F726B2E73656375726974792E6F61757468322E636F6D6D6F6E2E44656661756C744F417574683252656672657368546F6B656E73E10E0A6354D45E0200014C000576616C75657400124C6A6176612F6C616E672F537472696E673B787074002436366461336666322D343134312D343237612D386632662D3434323433643263336632357372000E6A6176612E7574696C2E44617465686A81014B5974190300007870770800000151E1681D0E78',X'ACED0005737200416F72672E737072696E676672616D65776F726B2E73656375726974792E6F61757468322E70726F76696465722E4F417574683241757468656E7469636174696F6EBD400B02166252130200024C000D73746F7265645265717565737474003C4C6F72672F737072696E676672616D65776F726B2F73656375726974792F6F61757468322F70726F76696465722F4F4175746832526571756573743B4C00127573657241757468656E7469636174696F6E7400324C6F72672F737072696E676672616D65776F726B2F73656375726974792F636F72652F41757468656E7469636174696F6E3B787200476F72672E737072696E676672616D65776F726B2E73656375726974792E61757468656E7469636174696F6E2E416273747261637441757468656E7469636174696F6E546F6B656ED3AA287E6E47640E0200035A000D61757468656E746963617465644C000B617574686F7269746965737400164C6A6176612F7574696C2F436F6C6C656374696F6E3B4C000764657461696C737400124C6A6176612F6C616E672F4F626A6563743B787000737200266A6176612E7574696C2E436F6C6C656374696F6E7324556E6D6F6469666961626C654C697374FC0F2531B5EC8E100200014C00046C6973747400104C6A6176612F7574696C2F4C6973743B7872002C6A6176612E7574696C2E436F6C6C656374696F6E7324556E6D6F6469666961626C65436F6C6C656374696F6E19420080CB5EF71E0200014C00016371007E00047870737200136A6176612E7574696C2E41727261794C6973747881D21D99C7619D03000149000473697A65787000000001770400000001737200426F72672E737072696E676672616D65776F726B2E73656375726974792E636F72652E617574686F726974792E53696D706C654772616E746564417574686F7269747900000000000001900200014C0004726F6C657400124C6A6176612F6C616E672F537472696E673B7870740009524F4C455F555345527871007E000C707372003A6F72672E737072696E676672616D65776F726B2E73656375726974792E6F61757468322E70726F76696465722E4F41757468325265717565737400000000000000010200065A0008617070726F7665644C000B617574686F72697469657371007E00044C000A657874656E73696F6E7374000F4C6A6176612F7574696C2F4D61703B4C000B726564697265637455726971007E000E4C000B7265736F7572636549647374000F4C6A6176612F7574696C2F5365743B4C000D726573706F6E7365547970657371007E0013787200386F72672E737072696E676672616D65776F726B2E73656375726974792E6F61757468322E70726F76696465722E426173655265717565737436287A3EA37169BD0200034C0008636C69656E74496471007E000E4C001172657175657374506172616D657465727371007E00124C000573636F706571007E00137870740009636C69656E74617070737200256A6176612E7574696C2E436F6C6C656374696F6E7324556E6D6F6469666961626C654D6170F1A5A8FE74F507420200014C00016D71007E00127870737200116A6176612E7574696C2E486173684D61700507DAC1C31660D103000246000A6C6F6164466163746F724900097468726573686F6C6478703F4000000000000C7708000000100000000874000C6A6163636F756E745F7569647400097A68616F67756F716974000A6772616E745F747970657400086A6163636F756E7474000D6A6163636F756E745F6465707474000CE887AAE58AA8E58C96E7B3BB7400146A6163636F756E745F6368696E6573656E616D65740009E8B5B5E59BBDE6979774000B6A6163636F756E745F696474000A3131343033323931323274000573636F706574000A726561642077726974657400106A6163636F756E745F73747564656E74740003796573740009636C69656E745F6964740009636C69656E7461707078737200256A6176612E7574696C2E436F6C6C656374696F6E7324556E6D6F6469666961626C65536574801D92D18F9B80550200007871007E0009737200176A6176612E7574696C2E4C696E6B656448617368536574D86CD75A95DD2A1E020000787200116A6176612E7574696C2E48617368536574BA44859596B8B7340300007870770C000000103F4000000000000274000472656164740005777269746578017371007E002E770C000000103F400000000000017371007E000D74000455534552787371007E00193F400000000000007708000000100000000078707371007E002D770C000000103F4000000000000174000B7265737473657276696365787371007E002E770C000000103F40000000000000787372004F6F72672E737072696E676672616D65776F726B2E73656375726974792E61757468656E7469636174696F6E2E557365726E616D6550617373776F726441757468656E7469636174696F6E546F6B656E00000000000001900200024C000B63726564656E7469616C7371007E00054C00097072696E636970616C71007E00057871007E0003017371007E00077371007E000B0000000177040000000171007E000F7871007E003C70707372001A636F6D2E6175746F6C61622E6170692E6D6F64656C2E55736572000000000000006402000B4C0005626F6F6B7371007E00084C0015636F757273655465616368657253747564656E747371007E00084C000E636F75727365546561636865727371007E00084C00136A6163636F756E744368696E6573656E616D6571007E000E4C000C6A6163636F756E744465707471007E000E4C000A6A6163636F756E74496471007E000E4C000F6A6163636F756E7453747564656E7471007E000E4C000B6A6163636F756E7455696471007E000E4C000870617373776F726471007E000E4C0004726F6C657400214C636F6D2F6175746F6C61622F6170692F6D6F64656C2F5573657224526F6C653B4C0008757365726E616D6571007E000E78720020636F6D2E6175746F6C61622E6170692E6D6F64656C2E42617365456E74697479280AADE7CB3BC7DE0200044C000A63726561746554696D657400104C6A6176612F7574696C2F446174653B4C000269647400104C6A6176612F6C616E672F4C6F6E673B4C00036D617071007E00124C000673746174757374001E4C636F6D2F6175746F6C61622F6170692F6D6F64656C2F5374617475733B7870737200126A6176612E73716C2E54696D657374616D702618D5C80153BF650200014900056E616E6F737872000E6A6176612E7574696C2E44617465686A81014B5974190300007870770800000150EF4526D078000000007372000E6A6176612E6C616E672E4C6F6E673B8BE490CC8F23DF0200014A000576616C7565787200106A6176612E6C616E672E4E756D62657286AC951D0B94E08B02000078700000000000000002707E72001C636F6D2E6175746F6C61622E6170692E6D6F64656C2E53746174757300000000000000001200007872000E6A6176612E6C616E672E456E756D000000000000000012000078707400024F4B7372002F6F72672E68696265726E6174652E636F6C6C656374696F6E2E696E7465726E616C2E50657273697374656E74426167464A645C192E1EC40200014C000362616771007E00087872003E6F72672E68696265726E6174652E636F6C6C656374696F6E2E696E7465726E616C2E416273747261637450657273697374656E74436F6C6C656374696F6E844A7E7706AE8D0B0200095A001B616C6C6F774C6F61644F7574736964655472616E73616374696F6E49000A63616368656453697A655A000564697274795A000B696E697469616C697A65644C00036B65797400164C6A6176612F696F2F53657269616C697A61626C653B4C00056F776E657271007E00054C0004726F6C6571007E000E4C001273657373696F6E466163746F72795575696471007E000E4C000E73746F726564536E617073686F7471007E0050787000FFFFFFFF000071007E004971007E0043740020636F6D2E6175746F6C61622E6170692E6D6F64656C2E557365722E626F6F6B737070707371007E004E00FFFFFFFF000071007E004971007E0043740030636F6D2E6175746F6C61622E6170692E6D6F64656C2E557365722E636F757273655465616368657253747564656E74737070707371007E004E00FFFFFFFF000071007E004971007E0043740029636F6D2E6175746F6C61622E6170692E6D6F64656C2E557365722E636F757273655465616368657273707070740009E8B5B5E59BBDE6979774000CE887AAE58AA8E58C96E7B3BB74000A313134303332393132327400037965737400097A68616F67756F716974003C24326124313024684F65454D634B6637374B357744416B684A5271646557744D76386130566F2F61566A59334B794D4566674F4A7A51487A7076464B7E72001F636F6D2E6175746F6C61622E6170692E6D6F64656C2E5573657224526F6C6500000000000000001200007871007E004B740009524F4C455F5553455274000A31313430333239313232');

/*!40000 ALTER TABLE `oauth_refresh_token` ENABLE KEYS */;
UNLOCK TABLES;



/*!40111 SET SQL_NOTES=@OLD_SQL_NOTES */;
/*!40101 SET SQL_MODE=@OLD_SQL_MODE */;
/*!40014 SET FOREIGN_KEY_CHECKS=@OLD_FOREIGN_KEY_CHECKS */;
/*!40101 SET CHARACTER_SET_CLIENT=@OLD_CHARACTER_SET_CLIENT */;
/*!40101 SET CHARACTER_SET_RESULTS=@OLD_CHARACTER_SET_RESULTS */;
/*!40101 SET COLLATION_CONNECTION=@OLD_COLLATION_CONNECTION */;
